,pefr_am,pefr_pm
count,1015.0,0.0
min,20.0,
median,270.0,
max,400.0,
mean,273.14285714285717,
sum,277240.0,0.0
std,21.549316992299353,
skew,-1.395294378887516,
