,pefr_am,pefr_pm
count,189.0,0.0
min,260.0,
median,356.6666666666667,
max,420.0,
mean,355.1587301587302,
sum,67125.0,0.0
std,32.65542992731034,
skew,-0.3993977876428399,
